{
  "hash": "dddddf1c",
  "configHash": "7c248261",
  "lockfileHash": "3ec64c36",
  "browserHash": "30b9409e",
  "optimized": {
    "@angular/cdk/bidi": {
      "src": "../../../../../../node_modules/@angular/cdk/fesm2022/bidi.mjs",
      "file": "@angular_cdk_bidi.js",
      "fileHash": "e00c61b0",
      "needsInterop": false
    },
    "@angular/cdk/scrolling": {
      "src": "../../../../../../node_modules/@angular/cdk/fesm2022/scrolling.mjs",
      "file": "@angular_cdk_scrolling.js",
      "fileHash": "e944ce6e",
      "needsInterop": false
    },
    "@angular/cdk/text-field": {
      "src": "../../../../../../node_modules/@angular/cdk/fesm2022/text-field.mjs",
      "file": "@angular_cdk_text-field.js",
      "fileHash": "a3495b6a",
      "needsInterop": false
    },
    "@angular/common": {
      "src": "../../../../../../node_modules/@angular/common/fesm2022/common.mjs",
      "file": "@angular_common.js",
      "fileHash": "097e69f5",
      "needsInterop": false
    },
    "@angular/common/http": {
      "src": "../../../../../../node_modules/@angular/common/fesm2022/http.mjs",
      "file": "@angular_common_http.js",
      "fileHash": "2c964242",
      "needsInterop": false
    },
    "@angular/core": {
      "src": "../../../../../../node_modules/@angular/core/fesm2022/core.mjs",
      "file": "@angular_core.js",
      "fileHash": "ac268847",
      "needsInterop": false
    },
    "@angular/flex-layout": {
      "src": "../../../../../../node_modules/@angular/flex-layout/fesm2015/angular-flex-layout.mjs",
      "file": "@angular_flex-layout.js",
      "fileHash": "eaee4b60",
      "needsInterop": false
    },
    "@angular/flex-layout/extended": {
      "src": "../../../../../../node_modules/@angular/flex-layout/fesm2015/angular-flex-layout-extended.mjs",
      "file": "@angular_flex-layout_extended.js",
      "fileHash": "2e203f03",
      "needsInterop": false
    },
    "@angular/flex-layout/flex": {
      "src": "../../../../../../node_modules/@angular/flex-layout/fesm2015/angular-flex-layout-flex.mjs",
      "file": "@angular_flex-layout_flex.js",
      "fileHash": "01f1b0d9",
      "needsInterop": false
    },
    "@angular/flex-layout/grid": {
      "src": "../../../../../../node_modules/@angular/flex-layout/fesm2015/angular-flex-layout-grid.mjs",
      "file": "@angular_flex-layout_grid.js",
      "fileHash": "61a55aab",
      "needsInterop": false
    },
    "@angular/forms": {
      "src": "../../../../../../node_modules/@angular/forms/fesm2022/forms.mjs",
      "file": "@angular_forms.js",
      "fileHash": "6f1d4297",
      "needsInterop": false
    },
    "@angular/material/button": {
      "src": "../../../../../../node_modules/@angular/material/fesm2022/button.mjs",
      "file": "@angular_material_button.js",
      "fileHash": "37aaa64e",
      "needsInterop": false
    },
    "@angular/material/card": {
      "src": "../../../../../../node_modules/@angular/material/fesm2022/card.mjs",
      "file": "@angular_material_card.js",
      "fileHash": "86b0619b",
      "needsInterop": false
    },
    "@angular/material/checkbox": {
      "src": "../../../../../../node_modules/@angular/material/fesm2022/checkbox.mjs",
      "file": "@angular_material_checkbox.js",
      "fileHash": "e2367f59",
      "needsInterop": false
    },
    "@angular/material/core": {
      "src": "../../../../../../node_modules/@angular/material/fesm2022/core.mjs",
      "file": "@angular_material_core.js",
      "fileHash": "96874730",
      "needsInterop": false
    },
    "@angular/material/datepicker": {
      "src": "../../../../../../node_modules/@angular/material/fesm2022/datepicker.mjs",
      "file": "@angular_material_datepicker.js",
      "fileHash": "7bd30116",
      "needsInterop": false
    },
    "@angular/material/dialog": {
      "src": "../../../../../../node_modules/@angular/material/fesm2022/dialog.mjs",
      "file": "@angular_material_dialog.js",
      "fileHash": "a5e5cf34",
      "needsInterop": false
    },
    "@angular/material/divider": {
      "src": "../../../../../../node_modules/@angular/material/fesm2022/divider.mjs",
      "file": "@angular_material_divider.js",
      "fileHash": "842bf01b",
      "needsInterop": false
    },
    "@angular/material/form-field": {
      "src": "../../../../../../node_modules/@angular/material/fesm2022/form-field.mjs",
      "file": "@angular_material_form-field.js",
      "fileHash": "2000f375",
      "needsInterop": false
    },
    "@angular/material/icon": {
      "src": "../../../../../../node_modules/@angular/material/fesm2022/icon.mjs",
      "file": "@angular_material_icon.js",
      "fileHash": "256f9e7e",
      "needsInterop": false
    },
    "@angular/material/input": {
      "src": "../../../../../../node_modules/@angular/material/fesm2022/input.mjs",
      "file": "@angular_material_input.js",
      "fileHash": "62823504",
      "needsInterop": false
    },
    "@angular/material/list": {
      "src": "../../../../../../node_modules/@angular/material/fesm2022/list.mjs",
      "file": "@angular_material_list.js",
      "fileHash": "13beb053",
      "needsInterop": false
    },
    "@angular/material/paginator": {
      "src": "../../../../../../node_modules/@angular/material/fesm2022/paginator.mjs",
      "file": "@angular_material_paginator.js",
      "fileHash": "67f0a8f9",
      "needsInterop": false
    },
    "@angular/material/progress-spinner": {
      "src": "../../../../../../node_modules/@angular/material/fesm2022/progress-spinner.mjs",
      "file": "@angular_material_progress-spinner.js",
      "fileHash": "a0ba5478",
      "needsInterop": false
    },
    "@angular/material/select": {
      "src": "../../../../../../node_modules/@angular/material/fesm2022/select.mjs",
      "file": "@angular_material_select.js",
      "fileHash": "83e839ca",
      "needsInterop": false
    },
    "@angular/material/sidenav": {
      "src": "../../../../../../node_modules/@angular/material/fesm2022/sidenav.mjs",
      "file": "@angular_material_sidenav.js",
      "fileHash": "6decb2f7",
      "needsInterop": false
    },
    "@angular/material/sort": {
      "src": "../../../../../../node_modules/@angular/material/fesm2022/sort.mjs",
      "file": "@angular_material_sort.js",
      "fileHash": "d82433c0",
      "needsInterop": false
    },
    "@angular/material/table": {
      "src": "../../../../../../node_modules/@angular/material/fesm2022/table.mjs",
      "file": "@angular_material_table.js",
      "fileHash": "5c4caae1",
      "needsInterop": false
    },
    "@angular/material/tabs": {
      "src": "../../../../../../node_modules/@angular/material/fesm2022/tabs.mjs",
      "file": "@angular_material_tabs.js",
      "fileHash": "8034b680",
      "needsInterop": false
    },
    "@angular/material/toolbar": {
      "src": "../../../../../../node_modules/@angular/material/fesm2022/toolbar.mjs",
      "file": "@angular_material_toolbar.js",
      "fileHash": "750313bf",
      "needsInterop": false
    },
    "@angular/platform-browser": {
      "src": "../../../../../../node_modules/@angular/platform-browser/fesm2022/platform-browser.mjs",
      "file": "@angular_platform-browser.js",
      "fileHash": "89f785bc",
      "needsInterop": false
    },
    "@angular/platform-server": {
      "src": "../../../../../../node_modules/@angular/platform-server/fesm2022/platform-server.mjs",
      "file": "@angular_platform-server.js",
      "fileHash": "bf7f3c37",
      "needsInterop": false
    },
    "@angular/router": {
      "src": "../../../../../../node_modules/@angular/router/fesm2022/router.mjs",
      "file": "@angular_router.js",
      "fileHash": "e3c26914",
      "needsInterop": false
    },
    "@angular/ssr": {
      "src": "../../../../../../node_modules/@angular/ssr/fesm2022/ssr.mjs",
      "file": "@angular_ssr.js",
      "fileHash": "be2281f9",
      "needsInterop": false
    },
    "@angular/ssr/node": {
      "src": "../../../../../../node_modules/@angular/ssr/fesm2022/node.mjs",
      "file": "@angular_ssr_node.js",
      "fileHash": "d5c9b7f1",
      "needsInterop": false
    },
    "express": {
      "src": "../../../../../../node_modules/express/index.js",
      "file": "express.js",
      "fileHash": "543cca8a",
      "needsInterop": true
    },
    "rxjs": {
      "src": "../../../../../../node_modules/rxjs/dist/cjs/index.js",
      "file": "rxjs.js",
      "fileHash": "5d0638e9",
      "needsInterop": true
    }
  },
  "chunks": {
    "xhr2-TXIMV6CV": {
      "file": "xhr2-TXIMV6CV.js"
    },
    "chunk-IDP4FEX7": {
      "file": "chunk-IDP4FEX7.js"
    },
    "chunk-NOPLYJEQ": {
      "file": "chunk-NOPLYJEQ.js"
    },
    "chunk-F2PDROT7": {
      "file": "chunk-F2PDROT7.js"
    },
    "chunk-AFBSDMBW": {
      "file": "chunk-AFBSDMBW.js"
    },
    "chunk-MLDZE77H": {
      "file": "chunk-MLDZE77H.js"
    },
    "chunk-4HAVY2QA": {
      "file": "chunk-4HAVY2QA.js"
    },
    "chunk-S2CKEVNU": {
      "file": "chunk-S2CKEVNU.js"
    },
    "chunk-SHFMWKOZ": {
      "file": "chunk-SHFMWKOZ.js"
    },
    "chunk-4ARQPM5C": {
      "file": "chunk-4ARQPM5C.js"
    },
    "chunk-PTSB52FI": {
      "file": "chunk-PTSB52FI.js"
    },
    "chunk-LXJL6EXH": {
      "file": "chunk-LXJL6EXH.js"
    },
    "chunk-ELAQBQQT": {
      "file": "chunk-ELAQBQQT.js"
    },
    "chunk-IIWIFHOM": {
      "file": "chunk-IIWIFHOM.js"
    },
    "chunk-YXW225GO": {
      "file": "chunk-YXW225GO.js"
    },
    "chunk-ZAH35YBH": {
      "file": "chunk-ZAH35YBH.js"
    },
    "chunk-EPPJNIZW": {
      "file": "chunk-EPPJNIZW.js"
    },
    "chunk-CBVNN2SY": {
      "file": "chunk-CBVNN2SY.js"
    },
    "chunk-TADOE3SP": {
      "file": "chunk-TADOE3SP.js"
    },
    "chunk-QPRKW5LY": {
      "file": "chunk-QPRKW5LY.js"
    },
    "chunk-G6VNK7VM": {
      "file": "chunk-G6VNK7VM.js"
    },
    "chunk-QB24OUM3": {
      "file": "chunk-QB24OUM3.js"
    },
    "chunk-P5ID4YZC": {
      "file": "chunk-P5ID4YZC.js"
    },
    "chunk-3FBX7PKZ": {
      "file": "chunk-3FBX7PKZ.js"
    },
    "chunk-NOSET36Z": {
      "file": "chunk-NOSET36Z.js"
    },
    "chunk-QXFI3UXC": {
      "file": "chunk-QXFI3UXC.js"
    },
    "chunk-B65PGTAZ": {
      "file": "chunk-B65PGTAZ.js"
    },
    "chunk-775BJFBA": {
      "file": "chunk-775BJFBA.js"
    },
    "chunk-CQN2HD6R": {
      "file": "chunk-CQN2HD6R.js"
    },
    "chunk-AQYIT73X": {
      "file": "chunk-AQYIT73X.js"
    },
    "chunk-YHCV7DAQ": {
      "file": "chunk-YHCV7DAQ.js"
    }
  }
}