{
  "hash": "c80afadf",
  "configHash": "6f0650c8",
  "lockfileHash": "3ec64c36",
  "browserHash": "492a7af2",
  "optimized": {
    "@angular/cdk/bidi": {
      "src": "../../../../../../node_modules/@angular/cdk/fesm2022/bidi.mjs",
      "file": "@angular_cdk_bidi.js",
      "fileHash": "1aa3e49a",
      "needsInterop": false
    },
    "@angular/cdk/scrolling": {
      "src": "../../../../../../node_modules/@angular/cdk/fesm2022/scrolling.mjs",
      "file": "@angular_cdk_scrolling.js",
      "fileHash": "ac57818e",
      "needsInterop": false
    },
    "@angular/cdk/text-field": {
      "src": "../../../../../../node_modules/@angular/cdk/fesm2022/text-field.mjs",
      "file": "@angular_cdk_text-field.js",
      "fileHash": "5904b661",
      "needsInterop": false
    },
    "@angular/common": {
      "src": "../../../../../../node_modules/@angular/common/fesm2022/common.mjs",
      "file": "@angular_common.js",
      "fileHash": "afaf4a5b",
      "needsInterop": false
    },
    "@angular/common/http": {
      "src": "../../../../../../node_modules/@angular/common/fesm2022/http.mjs",
      "file": "@angular_common_http.js",
      "fileHash": "60b81eee",
      "needsInterop": false
    },
    "@angular/core": {
      "src": "../../../../../../node_modules/@angular/core/fesm2022/core.mjs",
      "file": "@angular_core.js",
      "fileHash": "527375c2",
      "needsInterop": false
    },
    "@angular/flex-layout": {
      "src": "../../../../../../node_modules/@angular/flex-layout/fesm2020/angular-flex-layout.mjs",
      "file": "@angular_flex-layout.js",
      "fileHash": "d9f4c654",
      "needsInterop": false
    },
    "@angular/flex-layout/extended": {
      "src": "../../../../../../node_modules/@angular/flex-layout/fesm2020/angular-flex-layout-extended.mjs",
      "file": "@angular_flex-layout_extended.js",
      "fileHash": "bc9a4d98",
      "needsInterop": false
    },
    "@angular/flex-layout/flex": {
      "src": "../../../../../../node_modules/@angular/flex-layout/fesm2020/angular-flex-layout-flex.mjs",
      "file": "@angular_flex-layout_flex.js",
      "fileHash": "481ae3f3",
      "needsInterop": false
    },
    "@angular/flex-layout/grid": {
      "src": "../../../../../../node_modules/@angular/flex-layout/fesm2020/angular-flex-layout-grid.mjs",
      "file": "@angular_flex-layout_grid.js",
      "fileHash": "d5dd4e60",
      "needsInterop": false
    },
    "@angular/forms": {
      "src": "../../../../../../node_modules/@angular/forms/fesm2022/forms.mjs",
      "file": "@angular_forms.js",
      "fileHash": "8978658a",
      "needsInterop": false
    },
    "@angular/material/button": {
      "src": "../../../../../../node_modules/@angular/material/fesm2022/button.mjs",
      "file": "@angular_material_button.js",
      "fileHash": "df9d81b4",
      "needsInterop": false
    },
    "@angular/material/card": {
      "src": "../../../../../../node_modules/@angular/material/fesm2022/card.mjs",
      "file": "@angular_material_card.js",
      "fileHash": "71e0e94f",
      "needsInterop": false
    },
    "@angular/material/checkbox": {
      "src": "../../../../../../node_modules/@angular/material/fesm2022/checkbox.mjs",
      "file": "@angular_material_checkbox.js",
      "fileHash": "67968244",
      "needsInterop": false
    },
    "@angular/material/core": {
      "src": "../../../../../../node_modules/@angular/material/fesm2022/core.mjs",
      "file": "@angular_material_core.js",
      "fileHash": "5c6aecf9",
      "needsInterop": false
    },
    "@angular/material/datepicker": {
      "src": "../../../../../../node_modules/@angular/material/fesm2022/datepicker.mjs",
      "file": "@angular_material_datepicker.js",
      "fileHash": "99055ab6",
      "needsInterop": false
    },
    "@angular/material/dialog": {
      "src": "../../../../../../node_modules/@angular/material/fesm2022/dialog.mjs",
      "file": "@angular_material_dialog.js",
      "fileHash": "19090fd1",
      "needsInterop": false
    },
    "@angular/material/divider": {
      "src": "../../../../../../node_modules/@angular/material/fesm2022/divider.mjs",
      "file": "@angular_material_divider.js",
      "fileHash": "31f7cfab",
      "needsInterop": false
    },
    "@angular/material/form-field": {
      "src": "../../../../../../node_modules/@angular/material/fesm2022/form-field.mjs",
      "file": "@angular_material_form-field.js",
      "fileHash": "b46031de",
      "needsInterop": false
    },
    "@angular/material/icon": {
      "src": "../../../../../../node_modules/@angular/material/fesm2022/icon.mjs",
      "file": "@angular_material_icon.js",
      "fileHash": "4e5f10fd",
      "needsInterop": false
    },
    "@angular/material/input": {
      "src": "../../../../../../node_modules/@angular/material/fesm2022/input.mjs",
      "file": "@angular_material_input.js",
      "fileHash": "85466255",
      "needsInterop": false
    },
    "@angular/material/list": {
      "src": "../../../../../../node_modules/@angular/material/fesm2022/list.mjs",
      "file": "@angular_material_list.js",
      "fileHash": "23e70818",
      "needsInterop": false
    },
    "@angular/material/paginator": {
      "src": "../../../../../../node_modules/@angular/material/fesm2022/paginator.mjs",
      "file": "@angular_material_paginator.js",
      "fileHash": "9692d190",
      "needsInterop": false
    },
    "@angular/material/progress-spinner": {
      "src": "../../../../../../node_modules/@angular/material/fesm2022/progress-spinner.mjs",
      "file": "@angular_material_progress-spinner.js",
      "fileHash": "6e6de2f9",
      "needsInterop": false
    },
    "@angular/material/select": {
      "src": "../../../../../../node_modules/@angular/material/fesm2022/select.mjs",
      "file": "@angular_material_select.js",
      "fileHash": "d18a64c1",
      "needsInterop": false
    },
    "@angular/material/sidenav": {
      "src": "../../../../../../node_modules/@angular/material/fesm2022/sidenav.mjs",
      "file": "@angular_material_sidenav.js",
      "fileHash": "2badeb3d",
      "needsInterop": false
    },
    "@angular/material/sort": {
      "src": "../../../../../../node_modules/@angular/material/fesm2022/sort.mjs",
      "file": "@angular_material_sort.js",
      "fileHash": "f877f05f",
      "needsInterop": false
    },
    "@angular/material/table": {
      "src": "../../../../../../node_modules/@angular/material/fesm2022/table.mjs",
      "file": "@angular_material_table.js",
      "fileHash": "0efb7fd6",
      "needsInterop": false
    },
    "@angular/material/tabs": {
      "src": "../../../../../../node_modules/@angular/material/fesm2022/tabs.mjs",
      "file": "@angular_material_tabs.js",
      "fileHash": "1989b5df",
      "needsInterop": false
    },
    "@angular/material/toolbar": {
      "src": "../../../../../../node_modules/@angular/material/fesm2022/toolbar.mjs",
      "file": "@angular_material_toolbar.js",
      "fileHash": "233a0cd5",
      "needsInterop": false
    },
    "@angular/platform-browser": {
      "src": "../../../../../../node_modules/@angular/platform-browser/fesm2022/platform-browser.mjs",
      "file": "@angular_platform-browser.js",
      "fileHash": "b2a941c7",
      "needsInterop": false
    },
    "@angular/router": {
      "src": "../../../../../../node_modules/@angular/router/fesm2022/router.mjs",
      "file": "@angular_router.js",
      "fileHash": "e1796747",
      "needsInterop": false
    },
    "rxjs": {
      "src": "../../../../../../node_modules/rxjs/dist/esm5/index.js",
      "file": "rxjs.js",
      "fileHash": "466e4c66",
      "needsInterop": false
    }
  },
  "chunks": {
    "chunk-B5QFNO53": {
      "file": "chunk-B5QFNO53.js"
    },
    "chunk-HCYG7V4H": {
      "file": "chunk-HCYG7V4H.js"
    },
    "chunk-STNEVPJI": {
      "file": "chunk-STNEVPJI.js"
    },
    "chunk-RFIHETYA": {
      "file": "chunk-RFIHETYA.js"
    },
    "chunk-OJBAHBQA": {
      "file": "chunk-OJBAHBQA.js"
    },
    "chunk-ZJ6TPTLO": {
      "file": "chunk-ZJ6TPTLO.js"
    },
    "chunk-UFIV5MMA": {
      "file": "chunk-UFIV5MMA.js"
    },
    "chunk-HSLEQ7BX": {
      "file": "chunk-HSLEQ7BX.js"
    },
    "chunk-V4SXFFAT": {
      "file": "chunk-V4SXFFAT.js"
    },
    "chunk-SY42ZCFO": {
      "file": "chunk-SY42ZCFO.js"
    },
    "chunk-J47T5HYD": {
      "file": "chunk-J47T5HYD.js"
    },
    "chunk-N74AG3CG": {
      "file": "chunk-N74AG3CG.js"
    },
    "chunk-54KZEH5F": {
      "file": "chunk-54KZEH5F.js"
    },
    "chunk-UBGM4B6N": {
      "file": "chunk-UBGM4B6N.js"
    },
    "chunk-4MFYKLE6": {
      "file": "chunk-4MFYKLE6.js"
    },
    "chunk-P4WTAAAO": {
      "file": "chunk-P4WTAAAO.js"
    },
    "chunk-IP67T2DJ": {
      "file": "chunk-IP67T2DJ.js"
    },
    "chunk-OQ4VTOMY": {
      "file": "chunk-OQ4VTOMY.js"
    },
    "chunk-WTGSCZZ4": {
      "file": "chunk-WTGSCZZ4.js"
    },
    "chunk-6Y7T4UFD": {
      "file": "chunk-6Y7T4UFD.js"
    },
    "chunk-MYNZLU7S": {
      "file": "chunk-MYNZLU7S.js"
    },
    "chunk-FEVA2NVZ": {
      "file": "chunk-FEVA2NVZ.js"
    },
    "chunk-HNPMCUUM": {
      "file": "chunk-HNPMCUUM.js"
    },
    "chunk-LL5RF35Z": {
      "file": "chunk-LL5RF35Z.js"
    },
    "chunk-733PALXA": {
      "file": "chunk-733PALXA.js"
    },
    "chunk-S35MAB2V": {
      "file": "chunk-S35MAB2V.js"
    }
  }
}